horizon,mae,mape,r2
7,8.802565232301372,0.18145589859993322,0.29599437765121517
14,9.776116423622307,0.22245602487192573,0.3223318348511426
30,10.025091871268021,0.24333131513513137,0.35715038695066137
60,20.823970850570735,0.5818834817427677,-1.7100475170082547
90,24.769573340340266,0.7254469902880747,-1.9894824081947204
