horizon,mae,mape,r2
7,8.818127653333878,0.18280597909085594,0.30295642904578857
14,10.014867941538496,0.23519707382861163,0.32759604512431295
30,9.897683944702152,0.24826668490912246,0.3978819913007223
60,21.355744921642803,0.5972030545321083,-1.8261056924449206
90,24.8886760412478,0.7264179556964836,-1.9213398147379426
