horizon,mae,mape,r2
7,8.955689846890646,0.18357161163998983,0.27738786089740575
14,9.829780940136882,0.22400306832784436,0.32391196667462374
30,10.018431611612543,0.23747507017713734,0.3488298642407218
60,19.704112674571853,0.5470183730878134,-1.433437589865557
90,24.406833725281988,0.7115490040747414,-1.9320554581588665
