horizon,mae,mape,r2
7,9.463678767380209,0.1982439492076213,0.265047796424142
14,9.664360008617441,0.21839004148373517,0.3365402909038896
30,9.907571543532962,0.2322286422233034,0.3526376407513252
60,18.847525735919394,0.5172930666177544,-1.1945545645755011
90,22.22585790525607,0.6463743379670309,-1.4489224592352135
