horizon,mae,mape,r2
7,8.982964741878023,0.18442438415013546,0.2812263364536811
14,9.804662081151228,0.22570881436221008,0.3392205228993267
30,9.858377404764399,0.24065961380890472,0.3722640336234423
60,20.419978871886983,0.5713928066525451,-1.630459047984616
90,24.285522223476427,0.7143518539659298,-1.8749947912437612
