horizon,mae,mape,r2
7,9.63661560357786,0.2029860243738106,0.2503283048980941
14,9.676564966837567,0.2177377433477855,0.33694464174727856
30,9.860541409916351,0.2284600665552531,0.35021091233744117
60,17.72456519166182,0.4839981943690456,-0.9410658787051509
90,20.3060023774826,0.5806566056691342,-0.9945153163187368
