horizon,mae,mape,r2
7,9.0768438850353,0.18924884335843897,0.2946303950105167
14,9.5928536027965,0.2157002563129231,0.33955421886987214
30,9.945426698402853,0.23135155401414842,0.34552943917564427
60,18.35466398460588,0.5071077942730987,-1.1174506821251375
90,20.234307250356288,0.5815324117497482,-1.0138101338740695
