horizon,mae,mape,r2
7,9.580165000638555,0.20059661967358394,0.2516467564249607
14,9.578516905556627,0.21244506835268454,0.33440543086253394
30,9.76375476770234,0.22367584352748682,0.3527355465218621
60,17.332031589565855,0.4719676621685008,-0.8610386495865425
90,19.61044204235077,0.5557662320184024,-0.8994676678538673
