horizon,mae,mape,r2
7,10.305036030762588,0.21326142902754303,0.1273178949289766
14,10.087885061899824,0.21623058804564022,0.2600809329605186
30,10.03476969401042,0.2181946553784786,0.2942677979640249
60,12.721428171793624,0.27860830818928145,0.1157862604750648
90,16.48957930961156,0.46326667835520213,-0.20996458597457712
