horizon,mae,mape,r2
7,10.30609809253233,0.21330982361776002,0.12725648650150267
14,10.088026558143508,0.21623766285782442,0.26007350950328856
30,10.03476969401042,0.2181946553784786,0.2942677979640249
60,12.721428171793624,0.27860830818928145,0.1157862604750648
90,16.48957930961156,0.46326667835520213,-0.20996458597457712
