horizon,mae,mape,r2
7,9.614024315940012,0.19863538161808772,0.1855600569139889
14,9.763408450757046,0.22800746788181425,0.319471004529121
30,10.161526624222251,0.23961677231743236,0.34037496793436517
60,15.442095931816699,0.4370481229184332,-0.7267199537540232
90,20.042454780552927,0.5862248973300673,-1.466296060463948
