horizon,mae,mape,r2
7,9.210247774340191,0.1929296560507556,0.28194315329357356
14,9.80565454464148,0.22140260594334205,0.3250328093651077
30,9.840054593954711,0.2321283827667348,0.3570397477196091
60,18.779891423825866,0.5166088841971856,-1.1810817588015965
90,24.345817930330107,0.708046043593143,-1.9057778352721497
