horizon,mae,mape,r2
7,9.268112288581003,0.19372499745672195,0.28266523527339227
14,9.735237261454268,0.21886816692949396,0.332736531262082
30,9.812333762645725,0.2301686905730591,0.3595962804645051
60,18.475173971626194,0.5075407365323916,-1.1008076070119897
90,22.18010846675669,0.643951311579525,-1.4219763017604694
