horizon,mae,mape,r2
7,9.813368579141457,0.20578105903518432,0.229115696771786
14,9.63725940068563,0.21557218720552573,0.332782740252097
30,9.851590375105543,0.22637250831862785,0.3478464257166316
60,17.904698776476316,0.49178945291584814,-1.0345334466462979
90,19.68545793603968,0.5625982265466053,-0.9279345243875479
