horizon,mae,mape,r2
7,10.374514437736352,0.21368684510814076,0.10061622832029737
14,10.146149773528611,0.218174445854476,0.2561178544961372
30,10.280960480372114,0.22575449352159693,0.2774162229441699
60,12.872512427965804,0.2818178872771603,0.0995519293431717
90,15.767576235070079,0.4367901591921091,-0.09200640786059933
