horizon,mae,mape,r2
7,9.157205966802747,0.19042863715348163,0.2879790336355509
14,9.8311281141892,0.22352346597697145,0.3223811211179961
30,9.953238623482843,0.23927596376410046,0.36035716881674484
60,20.482163408067493,0.5716734193408912,-1.6140732103956443
90,24.62701111146245,0.7210106688673013,-1.965003859941894
