horizon,mae,mape,r2
7,9.045963197384243,0.18759146540671026,0.27507583467253494
14,10.08802486688663,0.23743982723582535,0.3224356642115701
30,10.173395271301272,0.26734262472015563,0.3857577436561277
60,21.65561498420826,0.6052038663747252,-1.8660487604390368
90,24.6365312314501,0.7224862283154782,-1.8870011739006554
