horizon,mae,mape,r2
7,9.610561105071524,0.20007972957576503,0.19457207410131228
14,9.951314311557349,0.23658321802094634,0.30727896763338214
30,10.449506343096155,0.2520211379430456,0.331454085410002
60,15.998674492777132,0.4560117527368947,-0.8148500624960064
90,21.013341154595807,0.6151582863107766,-1.6364706745085185
