horizon,mae,mape,r2
7,9.099901492779074,0.18705614514184593,0.2688621405243621
14,9.905404003617035,0.225783111843564,0.3186613049684649
30,10.03131403890597,0.24480667444528356,0.3606061813245228
60,19.500994518126323,0.5456710987849364,-1.4169784262894374
90,24.764494355902613,0.7245469456868593,-1.9631369641295242
