horizon,mae,mape,r2
7,9.336988593878923,0.19483843574304008,0.2713388790480594
14,9.431043364206953,0.2099292233429664,0.34654137026189813
30,9.99292635917664,0.2280374999878523,0.33593151013407263
60,17.75481773145271,0.4840300972328254,-0.9286663591681432
90,19.186773268774214,0.5477503808826644,-0.8634434396114581
