horizon,mae,mape,r2
7,10.30609803842315,0.21330982283048364,0.1272565061944433
14,10.088026551232824,0.21623766353746685,0.26007351544878987
30,10.034769809607306,0.218194658648029,0.2942677866807806
60,12.721428084373478,0.27860830727469227,0.11578627663391572
90,16.489579239936727,0.4632666767500606,-0.20996457365004062
