horizon,mae,mape,r2
7,8.986063094366168,0.18606176198538837,0.28651824289089034
14,9.987282280783054,0.233052119371494,0.3286190395356653
30,9.759330428409259,0.24493582864343236,0.4071184398591189
60,20.815209782641865,0.5842586737598717,-1.7262082333517546
90,24.38414568371243,0.7160289035213732,-1.859114833663166
