horizon,mae,mape,r2
7,9.142849513462615,0.1893105697513587,0.2725991569097169
14,9.933580910889464,0.23172324255425275,0.3349300968787303
30,9.980921478785252,0.24328550435907206,0.3637378007739769
60,21.196965444655646,0.5938761780605956,-1.7806933426965266
90,24.732185704367502,0.7226429874515035,-1.935633557787933
