horizon,mae,mape,r2
7,9.335465526839263,0.19443447909800202,0.20442966786930694
14,9.922667925475077,0.23828032029122467,0.3209075591585977
30,10.676487820296641,0.26420256122173746,0.3204852142871275
60,16.5991601712776,0.47392339329863703,-0.8709375360820715
90,22.50532768150749,0.660946274000782,-1.9011090552095151
