horizon,mae,mape,r2
7,9.027597359469025,0.1888420577280841,0.2994616124814099
14,9.932454099749577,0.2259275019548478,0.32060244324503495
30,9.923604762021622,0.23851971998952645,0.36211886740676014
60,18.60088912822582,0.5139839461707144,-1.1768249876677164
90,24.511699560211927,0.7152728389757709,-1.932256165812535
